連番,氏名,氏名（カタカナ）,性別,郵便番号,都道府県,市区町村名,号,番地,建物,Column1,列1
7,江藤華蓮,エトウカレン,女,475-0065,愛知県,半田市,乙川深田町,2002/1/8,,,
58,伊藤文平,イトウブンペイ,男,491-0034,愛知県,一宮市,浜町,4-16-5,浜町ヒル104,,
93,寺西有里,テラニシユリ,女,470-2513,愛知県,知多郡武豊町,一号地,3-14-1,,,
123,柳原唯花,ヤナギハラユイカ,女,480-1318,愛知県,長久手市,東山,2002/9/16,,,
159,鈴木星波,スズキセナ,女,464-0822,愛知県,名古屋市千種区,穂波町,3-18-20,,,
167,小俣省三,オマタショウゾウ,男,484-0053,愛知県,犬山市,石畑,3月2日,,,
184,塩谷美子,シオタニヨシコ,女,442-0021,愛知県,豊川市,小桜町,2-19-18,,,
160,中島義和,ナカシマヨシカズ,男,790-0004,愛媛県,松山市,大街道,2001/2/18,,,
164,島津菜摘,シマヅナツミ,女,792-0897,愛媛県,新居浜市,阿島乙,2月8日,,,
188,長岡遥佳,ナガオカハルカ,女,796-0902,愛媛県,西予市,三瓶町長早,2-17-5,,,
165,豊田新一郎,トヨダシンイチロウ,男,311-0323,茨城県,常陸太田市,茅根町,1-14-4,茅根町プレイス215,,
182,稲村寛子,イナムラヒロコ,女,310-0021,茨城県,水戸市,南町,4月14日,,,
8,橘雛乃,タチバナヒナノ,女,709-0631,岡山県,岡山市東区,東平島,2-19-2,,,
55,北康朗,キタヤスロウ,男,708-0822,岡山県,津山市,林田,2月5日,,,
59,高畑政信,タカハタマサノブ,男,707-0043,岡山県,美作市,海内,2004/11/13,,,
96,岡野星音,オカノホシト,男,719-1112,岡山県,総社市,窪木,2002/2/15,,,
113,島袋雪菜,シマブクロユキナ,女,701-0152,岡山県,岡山市北区,延友,2004/1/7,,,
23,大崎成,オオサキセイ,男,901-0502,沖縄県,島尻郡八重瀬町,大頓,3月17日,大頓ハウス116,,
40,大槻俊文,オオツキトシフミ,男,901-0146,沖縄県,那覇市,具志,2003/4/20,,,
80,日野一太郎,ヒノイチタロウ,男,905-0223,沖縄県,国頭郡本部町,大嘉陽,2月16日,ドリーム大嘉陽116,,
169,羽鳥有正,ハトリアリマサ,男,905-1312,沖縄県,国頭郡大宜味村,屋古,4-16-9,屋古ロイヤル408,,
72,比嘉年子,ヒガトシコ,女,025-0137,岩手県,花巻市,尻平川,2-13-9,尻平川ヒル104,,
116,郡司博美,グンジヒロミ,女,028-0052,岩手県,久慈市,本町,1-18-3,リバーサイド本町118,,
166,北尾敬子,キタオケイコ,女,021-0011,岩手県,一関市,山目町,4-19-18,,,
43,池上五郎,イケガミゴロウ,男,501-6005,岐阜県,羽島郡岐南町,若宮地,2002/2/20,コンフォート若宮地109,,
53,守屋翼,モリヤツバサ,男,501-2606,岐阜県,関市,武芸川町平,2月3日,,,
64,安部常吉,アベツネキチ,男,501-3124,岐阜県,岐阜市,大洞,2004/1/16,,,
181,塩沢雄一,シオザワユウイチ,男,501-3827,岐阜県,関市,宮地町,3月20日,宮地町キャッスル306,,
2,仲田諒佑,ナカダリョウスケ,男,882-0071,宮崎県,延岡市,天下町,4月2日,天下町ハイツ203,,
21,松沢美姫,マツザワミキ,女,880-0861,宮崎県,宮崎市,出来島町,4-19-9,,,
194,安原蒼,ヤスハラアオイ,女,885-0093,宮崎県,都城市,志比田町,4月20日,ドリーム志比田町313,,
18,秋山祐子,アキヤマユウコ,女,985-0822,宮城県,宮城郡七ヶ浜町,汐見台南,4月18日,汐見台南メゾン211,,
117,小川雄太,オガワユウタ,男,983-0811,宮城県,仙台市宮城野区,小田原清水沼通,1-17-13,,,
147,中森莉奈,ナカモリリナ,女,981-0506,宮城県,東松島市,あおい,4月3日,ステーションあおい419,,
38,沼田千加子,ヌマタチカコ,女,624-0912,京都府,舞鶴市,上安,2004/2/15,,,
57,竹田真実,タケダマミ,女,606-0041,京都府,京都市左京区,上高野石田町,2001/7/12,,,
61,塩田晋,シオダススム,男,620-0066,京都府,福知山市,下荒河,2月20日,,,
66,浦野凪紗,ウラノナギサ,女,629-3245,京都府,京丹後市,網野町浜詰,2004/11/10,,,
129,仲村永二,ナカムラエイジ,男,602-8401,京都府,京都市上京区,薬師前町,2004/8/17,薬師前町タウン319,,
152,桜井義美,サクライヨシミ,女,606-0944,京都府,京都市左京区,松ケ崎御所ノ内町,2002/8/16,,,
170,清水亜紀子,キヨミズアキコ,女,861-8019,熊本県,熊本市東区,下南部,2003/6/15,,,
34,寺沢萌香,テラサワモエカ,女,370-0801,群馬県,高崎市,上並榎町,2001/9/13,パーク上並榎町307,,
82,古山大造,フルヤマタイゾウ,男,370-3111,群馬県,高崎市,箕郷町中野,2-19-1,,,
118,菊池久子,キクチヒサコ,女,377-0003,群馬県,渋川市,八木原,1月4日,,,
150,井本亜矢子,イモトアヤコ,女,379-0215,群馬県,安中市,松井田町高梨子,3-14-18,松井田町高梨子グリーン307,,
155,安原梨緒,ヤスハラリオ,女,374-0042,群馬県,館林市,近藤町,2月13日,,,
17,染谷和歌子,ソメヤワカコ,女,739-0651,広島県,大竹市,玖波,2004/3/19,,,
33,佐藤勉,サトウツトム,男,731-2437,広島県,山県郡北広島町,大元,1-20-11,,,
85,小谷明弘,コタニアキヒロ,男,722-2432,広島県,尾道市,因島原町,3月14日,,,
91,藤谷啓二,フジタニケイジ,男,729-3306,広島県,世羅郡世羅町,青近,1-14-13,,,
97,田淵竹次郎,タブチタケジロウ,男,729-0329,広島県,三原市,糸崎南,2-13-13,,,
126,井手友洋,イデトモヒロ,男,720-0809,広島県,福山市,住吉町,2-19-1,住吉町ハウス215,,
151,中島碧依,ナカシマアオイ,女,730-0031,広島県,広島市中区,紙屋町,2002/8/13,紙屋町コーポ408,,
187,松村友美,マツムラユミ,女,731-3702,広島県,山県郡安芸太田町,中筒賀,3-15-20,ロイヤルパレス中筒賀314,,
81,藤森重彦,フジモリシゲヒコ,男,761-8085,香川県,高松市,寺井町,2001/1/5,,,
86,神戸麻里,コウベマリ,女,761-0104,香川県,高松市,高松町,3月3日,,,
90,池本匡弘,イケモトマサヒロ,男,762-0025,香川県,坂出市,川津町,2001/12/11,,,
156,梅本結花,ウメモトユイカ,女,765-0002,香川県,善通寺市,南町,2-16-16,,,
176,小山咲希,オヤマサキ,女,761-0303,香川県,高松市,六条町,3月11日,コート六条町200,,
6,平塚咲,ヒラツカサキ,女,781-3335,高知県,土佐郡土佐町,有間,2002/9/8,,,
44,秦茉央,ハタマオ,女,781-2145,高知県,吾川郡いの町,柳瀬石見,2002/12/5,,,
48,曽根茂子,ソネシゲコ,女,781-5604,高知県,香南市,夜須町出口,2-16-7,,,
191,羽田和彦,ハタカズヒコ,男,787-0243,高知県,土佐清水市,鍵掛,2001/12/8,鍵掛タウン317,,
9,神山碧衣,カミヤマアオイ,女,847-0802,佐賀県,唐津市,梨川内,1月4日,,,
50,中村友紀,ナカムラユキ,女,847-0883,佐賀県,唐津市,重河内,2001/8/12,,,
52,宮原翔太,ミヤハラショウタ,男,849-1603,佐賀県,藤津郡太良町,糸岐,4-20-11,,,
92,奥野剛,オクノタケシ,男,849-0313,佐賀県,小城市,芦刈町永田,2002/2/13,パーク芦刈町永田100,,
168,米田銀蔵,ヨネダギンゾウ,男,848-0031,佐賀県,伊万里市,二里町八谷搦,2003/5/6,,,
172,高原夏海,タカハラナツミ,女,847-0401,佐賀県,唐津市,鎮西町名護屋,2004/1/7,プラザ鎮西町名護屋109,,
84,山川祐一,ヤマカワユウイチ,男,355-0054,埼玉県,東松山市,旗立台,2001/12/12,スイート旗立台307,,
146,河内賢,カワウチケン,男,362-0053,埼玉県,上尾市,戸崎,2004/10/18,,,
94,宮崎栄作,ミヤザキエイサク,男,515-2325,三重県,松阪市,嬉野中川新町,1-20-8,,,
95,北原有正,キタハラアリマサ,男,519-2504,三重県,多気郡大台町,小切畑,2003/10/8,,,
106,北岡和奏,キタオカワカナ,女,514-0057,三重県,津市,一色町,3月10日,一色町プレシャス214,,
154,川端瑞穂,カワバタミズホ,女,515-0123,三重県,松阪市,新開町,4月16日,,,
171,手島勝子,テジマカツコ,女,518-0775,三重県,名張市,希央台５番町,1-14-5,パーク希央台５番町211,,
173,鳥居愛花,トリイアイカ,女,510-0847,三重県,四日市市,大浜町,1-15-15,シティ大浜町401,,
42,坂井華凛,サカイカリン,女,997-0821,山形県,鶴岡市,三光町,3-15-14,ダイヤモンド三光町300,,
67,青木有希,アオキユキ,女,998-0051,山形県,酒田市,高見台,2001/4/12,,,
78,吉井広昭,ヨシイヒロアキ,男,990-1424,山形県,西村山郡朝日町,水本,3-20-2,,,
102,坂田真子,サカタマコ,女,745-0622,山口県,周南市,樋口,1月11日,,,
45,柏木留吉,カシワギトメキチ,男,401-0304,山梨県,南都留郡富士河口湖町,河口,2月14日,,,
46,本郷久,ホンゴウヒサシ,男,400-0411,山梨県,南アルプス市,西南湖,4月20日,ステーション西南湖307,,
49,門脇裕人,カドワキヒロト,男,405-0062,山梨県,笛吹市,一宮町金沢,2001/11/7,,,
77,戸塚良治,トツカヨシジ,男,400-0504,山梨県,南巨摩郡富士川町,小林,4月19日,小林ヴィレッジ210,,
145,白井菜奈,シライナナ,女,409-3867,山梨県,中巨摩郡昭和町,清水新居,2003/4/8,ゴールデン清水新居301,,
199,中森節夫,ナカモリセツオ,男,520-1648,滋賀県,高島市,今津町角川,1月10日,タウン今津町角川215,,
74,川村敏彦,カワムラトシヒコ,男,899-5651,鹿児島県,姶良市,脇元,2001/7/14,ステージ脇元216,,
103,谷村光政,タニムラミツマサ,男,899-5413,鹿児島県,姶良市,豊留,2月3日,,,
105,細谷彰,ホソヤアキラ,男,891-0108,鹿児島県,鹿児島市,中山,2001/4/6,中山シーサイド212,,
115,磯崎魅李,イソザキカイリ,男,890-0007,鹿児島県,鹿児島市,伊敷台,2-18-10,,,
158,川野敦彦,カワノアツヒコ,男,899-7306,鹿児島県,曽於郡大崎町,永吉,2001/7/18,永吉ロイヤル414,,
189,宮沢英光,ミヤザワヒデミツ,男,891-8117,鹿児島県,大島郡伊仙町,中山,2001/7/6,,,
98,朝倉寛治,アサクラカンジ,男,013-0055,秋田県,横手市,朝日が丘,4-13-2,朝日が丘シティ414,,
122,齋藤藍里,サイトウアイリ,女,019-0703,秋田県,横手市,増田町吉野,1月5日,パレス増田町吉野212,,
128,松下優希,マツシタユウキ,女,017-0886,秋田県,大館市,館下,2月4日,,,
175,梶田悠生,カジタユウセイ,男,018-3321,秋田県,北秋田市,松葉町,2-18-6,,,
197,芦田亜衣,アシダアイ,女,018-2677,秋田県,山本郡八峰町,八森八森後,4-14-1,,,
10,大塚研一,オオツカケンイチ,男,941-0057,新潟県,糸魚川市,南寺町,1月16日,南寺町ハイツ400,,
26,内海昌子,ウツミマサコ,女,950-2043,新潟県,新潟市西区,須賀,2003/6/16,,,
99,小野久夫,オノヒサオ,男,949-1609,新潟県,上越市,名立区田野上,2月10日,グリーン名立区田野上213,,
130,紺野直希,コンノナオキ,男,952-1513,新潟県,佐渡市,相川濁川町,1月9日,相川濁川町ランド204,,
39,高見翠,タカミミドリ,女,252-1121,神奈川県,綾瀬市,小園,4-16-8,,,
125,仲村咲季,ナカムラサキ,女,241-0022,神奈川県,横浜市旭区,鶴ケ峰,2002/1/17,,,
149,猪股直也,イノマタナオヤ,男,257-0014,神奈川県,秦野市,今泉,1月20日,,,
174,望月悠奈,モチヅキユウナ,女,231-0003,神奈川県,横浜市中区,北仲通,2003/4/2,北仲通スイート218,,
12,今野雅人,コンノマサト,男,036-0113,青森県,平川市,平田森稲村,4月17日,,,
30,井田邦子,イダクニコ,女,039-1162,青森県,八戸市,豊洲,2001/3/6,豊洲パーク416,,
32,新谷愛奈,アラヤアイナ,女,039-3165,青森県,上北郡野辺地町,観音林前田,1月19日,タワー観音林前田316,,
141,石塚冨士子,イシヅカフジコ,女,036-0539,青森県,黒石市,下目内澤,2月13日,,,
163,泉安,イズミヤスシ,男,030-1735,青森県,東津軽郡外ヶ浜町,三厩緑ケ丘,4月4日,コーポ三厩緑ケ丘111,,
183,塚田正勝,ツカダマサカツ,男,039-0316,青森県,三戸郡田子町,関,4月20日,,,
20,松原沙良,マツバラサラ,女,425-0042,静岡県,焼津市,石津港町,1月5日,,,
47,板倉優里,イタクラユリ,女,437-0216,静岡県,周智郡森町,天宮,1-17-19,,,
101,井原貞一,イハラテイイチ,男,424-0915,静岡県,静岡市清水区,増,2001/5/6,増タウン404,,
179,西野詩乃,ニシノシノ,女,421-2108,静岡県,静岡市葵区,下,3-14-15,ハウス下206,,
29,相馬卓也,ソウマタクヤ,男,926-0003,石川県,七尾市,沢野町,1月17日,沢野町ステージ108,,
31,白井寿子,シライトシコ,女,926-0851,石川県,七尾市,つつじが浜,2002/9/8,つつじが浜タウン300,,
162,小野田昌己,オノダマサミ,女,927-0046,石川県,鳳珠郡穴水町,越渡,1月4日,越渡アパート212,,
51,河口伸浩,カワグチノブヒロ,男,270-2213,千葉県,松戸市,五香,2-20-10,,,
112,宇都宮喜久男,ウツノミヤキクオ,男,272-0104,千葉県,市川市,本塩,3-19-13,,,
139,香川和雄,カガワカズオ,男,290-0058,千葉県,市原市,五井海岸,3-13-3,,,
185,川西広重,カワニシヒロシゲ,男,289-1618,千葉県,山武郡芝山町,山中,3-17-20,,,
73,稲村佳代,イナムラカヨ,女,591-8013,大阪府,堺市北区,野遠町,2月16日,,,
79,岡野良男,オカノヨシオ,男,590-0138,大阪府,堺市南区,鴨谷台,2004/3/8,,,
133,末吉愛莉,スエヨシアイリ,女,562-0004,大阪府,箕面市,牧落,2001/3/19,,,
1,山中敬,ヤマナカタカシ,男,872-0655,大分県,宇佐市,安心院町古川,2-17-11,グランド安心院町古川311,,
25,石川惟史,イシカワタダシ,男,879-1501,大分県,速見郡日出町,広瀬,4月14日,パーク広瀬408,,
121,高崎彩希,タカサキサキ,女,872-0466,大分県,宇佐市,院内町来鉢,2004/1/9,,,
157,郡司彩乃,グンジアヤノ,女,877-0301,大分県,日田市,中津江村栃野,1-15-12,,,
195,小泉美怜,コイズミミレイ,女,870-0902,大分県,大分市,西ノ洲,2月15日,西ノ洲ロイヤル305,,
60,小沼茉奈,オヌママナ,女,817-1107,長崎県,対馬市,美津島町鴨居瀬,3月3日,ロイヤル美津島町鴨居瀬205,,
111,松本二郎,マツモトジロウ,男,859-0162,長崎県,諫早市,小長井町新田原,2001/1/9,,,
114,宮脇敏宏,ミヤワキトシヒロ,男,857-0335,長崎県,北松浦郡佐々町,皆瀬免,2003/4/9,皆瀬免パレス319,,
200,堀昌己,ホリマサミ,女,859-0147,長崎県,諫早市,高来町水ノ浦,3月12日,高来町水ノ浦ヒル111,,
108,花井龍五,ハナイリュウゴ,男,388-8003,長野県,長野市,篠ノ井小森,2003/5/5,篠ノ井小森マンション313,,
180,重田綾香,シゲタアヤカ,女,399-2561,長野県,飯田市,駄科,4月13日,,,
198,河合友和,カワイトモカズ,男,399-1312,長野県,飯田市,南信濃八重河内,2004/4/12,,,
16,甲斐杏理,カイアンリ,女,689-4513,鳥取県,日野郡日野町,板井原,2004/10/16,板井原ハウス306,,
27,深田由希子,フカダユキコ,女,680-1421,鳥取県,鳥取市,上段,2001/4/12,,,
65,北尾俊一,キタオシュンイチ,男,680-0932,鳥取県,鳥取市,五反田町,1-16-13,プラチナ五反田町306,,
88,井川空,イカワソラ,女,689-1422,鳥取県,八頭郡智頭町,尾見,2月1日,,,
110,土橋将輝,ツチハシマサキ,男,683-0821,鳥取県,米子市,天神町,4月3日,天神町マンション403,,
119,矢野真紀子,ヤノマキコ,女,689-0514,鳥取県,鳥取市,青谷町山根,2月13日,,,
134,小野田眞子,オノダマコ,女,682-0178,鳥取県,東伯郡三朝町,牧,2001/4/6,,,
140,辻本治郎,ツジモトジロウ,男,682-0946,鳥取県,倉吉市,横田,2002/1/2,レジデンス横田110,,
153,江田和子,エダカズコ,女,689-3414,鳥取県,米子市,淀江町西尾原,2002/9/19,,,
4,鶴岡兼吉,ツルオカカネキチ,男,699-1123,島根県,雲南市,加茂町大竹,2003/9/10,,,
5,川口宏寿,カワグチヒロトシ,男,690-0011,島根県,松江市,東津田町,3月18日,,,
36,藤森美也子,フジモリミヤコ,女,690-0131,島根県,松江市,打出町,3月13日,,,
178,陳真司,チンシンジ,男,699-3215,島根県,浜田市,三隅町井川,1-17-11,,,
190,大宮真弓,オオミヤマユミ,女,691-0004,島根県,出雲市,島村町,2003/1/18,,,
107,西岡幸次,ニシオカコウジ,男,136-0071,東京都,江東区,亀戸,3-20-15,ロイヤル亀戸116,,
120,稲葉正子,イナバマサコ,女,106-0045,東京都,港区,麻布十番,1-13-14,,,
124,畠中研治,ハタナカケンジ,男,174-0072,東京都,板橋区,南常盤台,2004/5/6,南常盤台ステーション108,,
131,河崎金治,カワサキキンジ,男,100-0006,東京都,千代田区,有楽町,4-16-7,,,
136,諸星善四郎,モロボシゼンシロウ,男,160-0005,東京都,新宿区,愛住町,4-13-20,,,
148,津田一諭,ツダカズサ,男,162-0855,東京都,新宿区,二十騎町,2003/10/16,二十騎町コーポ410,,
22,三井実咲,ミツイミサキ,女,770-8001,徳島県,徳島市,津田海岸町,4-16-5,津田海岸町ロイヤル117,,
37,安原実咲,ヤスハラミサキ,女,774-0030,徳島県,阿南市,富岡町,4月12日,,,
41,徳田初音,トクダハツネ,女,770-0872,徳島県,徳島市,北沖洲,2004/5/10,,,
63,山野与三郎,ヤマノヨサブロウ,男,778-0205,徳島県,三好市,東祖谷麦生土,1月13日,,,
71,朝倉博嗣,アサクラヒロツグ,男,779-0108,徳島県,板野郡板野町,犬伏,1-20-3,,,
83,牧野晴久,マキノハルヒサ,男,771-0372,徳島県,鳴門市,北灘町粟田,2004/12/11,,,
87,細井梨沙,ホソイリサ,女,771-1705,徳島県,阿波市,阿波町桜ノ岡,4-19-12,,,
104,遠藤広,エンドウヒロシ,男,771-1705,徳島県,阿波市,阿波町日吉谷,2月2日,,,
135,立石里穂,タテイシリホ,女,771-1703,徳島県,阿波市,阿波町西原,2003/10/4,,,
3,染谷里紗,ソメヤリサ,女,322-0533,栃木県,鹿沼市,北赤塚町,3月6日,,,
193,堀内亜抄子,ホリウチアサコ,女,329-1577,栃木県,矢板市,玉田,2002/3/15,玉田の杜114,,
15,岩間佐知子,イワマサチコ,女,636-0902,奈良県,生駒郡平群町,白石畑,2002/4/17,,,
35,長崎雄大,ナガサキユダイ,男,630-8103,奈良県,奈良市,興善院町,4月12日,,,
70,細田富子,ホソダトミコ,女,639-0201,奈良県,北葛城郡上牧町,片岡台,1-15-8,,,
177,鈴木初太郎,スズキハツタロウ,男,635-0812,奈良県,北葛城郡広陵町,広瀬,2001/7/13,,,
192,下村敏雄,シモムラトシオ,男,630-8338,奈良県,奈良市,陰陽町,2001/2/6,陰陽町ランド313,,
19,舟木和歌子,フナキワカコ,女,933-0874,富山県,高岡市,京田,3月7日,,,
56,高山奏弥,タカヤマソウヤ,男,939-1614,富山県,南砺市,蔵原,2003/7/9,,,
76,山元昌孝,ヤマモトマサタカ,男,939-0502,富山県,富山市,水橋地蔵町,2004/2/4,,,
100,細谷心春,ホソヤコハル,女,939-0256,富山県,射水市,広上,4-16-6,,,
127,池田心夢,イケダモトム,男,939-2401,富山県,富山市,八尾町西葛坂,4-18-14,八尾町西葛坂荘403,,
62,赤塚富士雄,アカツカフジオ,男,914-0056,福井県,敦賀市,津内町,2-16-15,,,
75,蛭田喜久治,ヒルタキクジ,男,911-0803,福井県,勝山市,旭町,3月17日,旭町ロイヤル409,,
144,日野晴臣,ヒノハルオミ,男,915-0226,福井県,越前市,南坂下町,4月8日,,,
13,田原龍宏,タワラリュウコウ,男,838-0017,福岡県,朝倉市,千手,2001/2/3,,,
68,水口鑑,ミズグチアキラ,男,805-0062,福岡県,北九州市八幡東区,平野,1-17-16,パレス平野108,,
69,川西晴奈,カワニシハルナ,女,824-0011,福岡県,行橋市,蓑島,2-17-10,,,
24,齋藤結香,サイトウユイカ,女,969-1157,福島県,本宮市,本宮瀬樋内,2004/12/17,,,
54,大内正康,オウウチマサヤス,男,960-1485,福島県,伊達郡川俣町,海老ケ作,4-13-5,海老ケ作庵400,,
109,日下由太郎,クサカヨシタロウ,男,975-0026,福島県,南相馬市,原町区上高平,2月19日,,,
196,河井真吉,カワイシンキチ,男,962-0062,福島県,須賀川市,山寺町,2-20-17,リバーサイド山寺町216,,
14,橋口淑子,ハシグチトシコ,女,675-1354,兵庫県,小野市,河合西町,1-14-6,,,
89,大竹祥治,オオタケショウジ,男,650-0006,兵庫県,神戸市中央区,諏訪山町,1月12日,諏訪山町スカイ319,,
132,石原直也,イシハラナオヤ,男,676-0053,兵庫県,高砂市,高砂町魚町,2001/8/10,,,
137,首藤永二,シュドウエイジ,男,666-0003,兵庫県,川西市,丸の内町,2003/6/4,丸の内町ステーション216,,
142,島村徳康,シマムラトクヤス,男,675-0333,兵庫県,加古川市,志方町西山,3月15日,テラス志方町西山217,,
161,長野伸子,ナガノノブコ,女,666-0242,兵庫県,川辺郡猪名川町,原,3月10日,,,
11,杉野冨美子,スギノフミコ,女,099-1417,北海道,常呂郡訓子府町,末広町,2003/7/5,,,
28,森岡祐一,モリオカユウイチ,男,079-0305,北海道,空知郡奈井江町,茶志内,3月8日,ガーデン茶志内107,,
143,樋口美鈴,ヒグチミスズ,女,098-5763,北海道,枝幸郡浜頓別町,仁達内,2002/2/15,仁達内ステージ303,,
138,戸田芳人,トダヨシヒト,男,644-1201,和歌山県,日高郡日高川町,川原河,2002/10/9,川原河マンション306,,
186,浜野由衣,ハマノユイ,女,640-8314,和歌山県,和歌山市,神前,3月9日,,,
